,SMILES,Label,split,ID
6222,C#CC1(O)CCC2C1(C)CCC1C2CCC2=Cc3c(CC12C)cno3,0,Train,6222
9531,C/C(=C\C=C\C(=C\C(=O)O)\C)/C=C/C1=C(C)CCCC1(C)C,1,Test,9531
539,C1CCC(NC1)CC(C1CCCCC1)C1CCCCC1,0,Train,539
541,C1CCC(NC1)CC(C1CCCCC1)C1CCCCC1,0,Test,541
540,C1CCC(NC1)CC(C1CCCCC1)C1CCCCC1,0,Train,540
538,C1CCC(NC1)CC(C1CCCCC1)C1CCCCC1,0,Train,538
537,C1CCC(NC1)CC(C1CCCCC1)C1CCCCC1,0,Train,537
542,C1CCC(NC1)CC(C1CCCCC1)C1CCCCC1,0,Train,542
6087,C=CCN1CC(CC2C1Cc1c[nH]c3c1c2ccc3)C(=O)N(C(=O)NCC)CCCN(C)C,0,Train,6087
6805,C=CCOc1ccccc1OCC(CNC(C)C)O,0,Train,6805
6683,CC#CC1(O)CCC2C1(C)CC(c1ccc(cc1)N(C)C)C1=C3CCC(=O)C=C3CCC21,0,Train,6683
6984,CC(=CC=CC(=CC(=O)O)C)C=CC1=C(C)CCCC1(C)C,1,Train,6984
1042,CC(=O)CC(c1c(=O)oc2c(c1O)cccc2)c1ccccc1,0,Train,1042
1043,CC(=O)CC(c1c(=O)oc2c(c1O)cccc2)c1ccccc1,0,Train,1043
1046,CC(=O)CC(c1c(=O)oc2c(c1O)cccc2)c1ccccc1,0,Train,1046
1044,CC(=O)CC(c1c(=O)oc2c(c1O)cccc2)c1ccccc1,0,Test,1044
1045,CC(=O)CC(c1c(=O)oc2c(c1O)cccc2)c1ccccc1,0,Test,1045
1047,CC(=O)CC(c1c(=O)oc2c(c1O)cccc2)c1ccccc1,0,Train,1047
2596,CC(=O)CCCCn1c(=O)c2n(C)cnc2n(c1=O)C,0,Train,2596
2599,CC(=O)CCCCn1c(=O)c2n(C)cnc2n(c1=O)C,0,Train,2599
2595,CC(=O)CCCCn1c(=O)c2n(C)cnc2n(c1=O)C,0,Test,2595
2597,CC(=O)CCCCn1c(=O)c2n(C)cnc2n(c1=O)C,0,Train,2597
2598,CC(=O)CCCCn1c(=O)c2n(C)cnc2n(c1=O)C,0,Test,2598
2600,CC(=O)CCCCn1c(=O)c2n(C)cnc2n(c1=O)C,0,Train,2600
2257,CC(=O)Nc1ccc(cc1)O,1,Test,2257
2261,CC(=O)Nc1ccc(cc1)O,1,Train,2261
2260,CC(=O)Nc1ccc(cc1)O,1,Test,2260
2259,CC(=O)Nc1ccc(cc1)O,1,Train,2259
2262,CC(=O)Nc1ccc(cc1)O,1,Train,2262
2258,CC(=O)Nc1ccc(cc1)O,1,Train,2258
5538,CC(=O)Nc1cccc(c1)n1c(=O)n(C2CC2)c(=O)c2c1c(C)c(=O)n(c2Nc1ccc(cc1F)I)C,1,Train,5538
5536,CC(=O)Nc1cccc(c1)n1c(=O)n(C2CC2)c(=O)c2c1c(C)c(=O)n(c2Nc1ccc(cc1F)I)C,1,Train,5536
5537,CC(=O)Nc1cccc(c1)n1c(=O)n(C2CC2)c(=O)c2c1c(C)c(=O)n(c2Nc1ccc(cc1F)I)C,1,Test,5537
5534,CC(=O)Nc1cccc(c1)n1c(=O)n(C2CC2)c(=O)c2c1c(C)c(=O)n(c2Nc1ccc(cc1F)I)C,1,Train,5534
5533,CC(=O)Nc1cccc(c1)n1c(=O)n(C2CC2)c(=O)c2c1c(C)c(=O)n(c2Nc1ccc(cc1F)I)C,1,Train,5533
5535,CC(=O)Nc1cccc(c1)n1c(=O)n(C2CC2)c(=O)c2c1c(C)c(=O)n(c2Nc1ccc(cc1F)I)C,1,Test,5535
7170,CC(=O)OC1C(=O)C2(C)C(O)CC3C(C2C(C2(C(C1=C(C)C(OC(=O)C(C(c1ccccc1)NC(=O)c1ccccc1)O)C2)(C)C)O)OC(=O)c1ccccc1)(CO3)OC(=O)C,1,Train,7170
7171,CC(=O)OC1C(=O)C2(C)C(O)CC3C(C2C(C2(C(C1=C(C)C(OC(=O)C(C(c1ccccc1)NC(=O)c1ccccc1)O)C2)(C)C)O)OC(=O)c1ccccc1)(CO3)OC(=O)C,1,Train,7171
10056,CC(=O)OCC(=O)C12OC3(OC1CC1C2(C)CC(O)C2(C1CCC1=CC(=O)C=CC21C)F)CCCC3,0,Train,10056
5977,CC(=O)Oc1ccc(cc1)C(c1ccccn1)c1ccc(cc1)OC(=O)C,0,Train,5977
874,CC(=O)Oc1ccccc1C(=O)O,1,Train,874
873,CC(=O)Oc1ccccc1C(=O)O,1,Train,873
872,CC(=O)Oc1ccccc1C(=O)O,1,Train,872
871,CC(=O)Oc1ccccc1C(=O)O,1,Test,871
870,CC(=O)Oc1ccccc1C(=O)O,1,Train,870
875,CC(=O)Oc1ccccc1C(=O)O,1,Train,875
4476,CC(C12CC3CC(C2)CC(C1)C3)N,0,Train,4476
4477,CC(C12CC3CC(C2)CC(C1)C3)N,0,Train,4477
4481,CC(C12CC3CC(C2)CC(C1)C3)N,0,Train,4481
4479,CC(C12CC3CC(C2)CC(C1)C3)N,0,Train,4479
4478,CC(C12CC3CC(C2)CC(C1)C3)N,0,Train,4478
4480,CC(C12CC3CC(C2)CC(C1)C3)N,0,Train,4480
6024,CC(CC1C(=O)N2CCCC2C2(N1C(=O)C(O2)(NC(=O)C1CN(C)C2C(=C1)c1cccc3c1c(C2)c([nH]3)Br)C(C)C)O)C,0,Train,6024
6247,CC(CCc1ccc(cc1)O)NCCc1ccc(c(c1)O)O,0,Train,6247
1945,CC(CCc1ccccc1)NCC(c1ccc(c(c1)C(=O)N)O)O,0,Train,1945
1946,CC(CCc1ccccc1)NCC(c1ccc(c(c1)C(=O)N)O)O,0,Train,1946
1947,CC(CCc1ccccc1)NCC(c1ccc(c(c1)C(=O)N)O)O,0,Train,1947
1948,CC(CCc1ccccc1)NCC(c1ccc(c(c1)C(=O)N)O)O,0,Train,1948
1949,CC(CCc1ccccc1)NCC(c1ccc(c(c1)C(=O)N)O)O,0,Train,1949
1950,CC(CCc1ccccc1)NCC(c1ccc(c(c1)C(=O)N)O)O,0,Train,1950
6645,CC(COc1c(C)cccc1C)N,0,Train,6645
249,CC(Cc1ccc(cc1)C(C(=O)O)C)C,1,Train,249
250,CC(Cc1ccc(cc1)C(C(=O)O)C)C,1,Train,250
252,CC(Cc1ccc(cc1)C(C(=O)O)C)C,1,Train,252
254,CC(Cc1ccc(cc1)C(C(=O)O)C)C,1,Train,254
251,CC(Cc1ccc(cc1)C(C(=O)O)C)C,1,Train,251
253,CC(Cc1ccc(cc1)C(C(=O)O)C)C,1,Train,253
4841,CC(Cc1ccccc1)(N)C,0,Test,4841
4844,CC(Cc1ccccc1)(N)C,0,Train,4844
4846,CC(Cc1ccccc1)(N)C,0,Test,4846
4845,CC(Cc1ccccc1)(N)C,0,Test,4845
4843,CC(Cc1ccccc1)(N)C,0,Train,4843
4842,CC(Cc1ccccc1)(N)C,0,Train,4842
40,CC(Cn1cnc2c1c1ccccc1nc2N)C,0,Test,40
42,CC(Cn1cnc2c1c1ccccc1nc2N)C,0,Train,42
37,CC(Cn1cnc2c1c1ccccc1nc2N)C,0,Train,37
41,CC(Cn1cnc2c1c1ccccc1nc2N)C,0,Train,41
39,CC(Cn1cnc2c1c1ccccc1nc2N)C,0,Train,39
38,CC(Cn1cnc2c1c1ccccc1nc2N)C,0,Train,38
123,CC(N(C(C)C)CCC(c1ccccn1)(c1ccccc1)C(=O)N)C,0,Test,123
124,CC(N(C(C)C)CCC(c1ccccn1)(c1ccccc1)C(=O)N)C,0,Train,124
125,CC(N(C(C)C)CCC(c1ccccn1)(c1ccccc1)C(=O)N)C,0,Train,125
126,CC(N(C(C)C)CCC(c1ccccn1)(c1ccccc1)C(=O)N)C,0,Test,126
127,CC(N(C(C)C)CCC(c1ccccn1)(c1ccccc1)C(=O)N)C,0,Train,127
128,CC(N(C(C)C)CCC(c1ccccn1)(c1ccccc1)C(=O)N)C,0,Train,128
140,CC(NC(=O)NS(=O)(=O)c1cnccc1Nc1cccc(c1)C)C,0,Train,140
139,CC(NC(=O)NS(=O)(=O)c1cnccc1Nc1cccc(c1)C)C,0,Test,139
136,CC(NC(=O)NS(=O)(=O)c1cnccc1Nc1cccc(c1)C)C,0,Test,136
138,CC(NC(=O)NS(=O)(=O)c1cnccc1Nc1cccc(c1)C)C,0,Train,138
135,CC(NC(=O)NS(=O)(=O)c1cnccc1Nc1cccc(c1)C)C,0,Train,135
137,CC(NC(=O)NS(=O)(=O)c1cnccc1Nc1cccc(c1)C)C,0,Train,137
6519,CC(NC(C(c1ccc(cc1)O)O)C)COc1ccccc1,0,Train,6519
402,CC(NCC(c1ccc(cc1)NS(=O)(=O)C)O)C,0,Train,402
406,CC(NCC(c1ccc(cc1)NS(=O)(=O)C)O)C,0,Test,406
405,CC(NCC(c1ccc(cc1)NS(=O)(=O)C)O)C,0,Train,405
404,CC(NCC(c1ccc(cc1)NS(=O)(=O)C)O)C,0,Test,404
403,CC(NCC(c1ccc(cc1)NS(=O)(=O)C)O)C,0,Train,403
401,CC(NCC(c1ccc(cc1)NS(=O)(=O)C)O)C,0,Test,401
1528,CC(c1ccc2c(c1)c(=O)c1c(o2)nc(c(c1)C(=O)O)N)C,0,Test,1528
1529,CC(c1ccc2c(c1)c(=O)c1c(o2)nc(c(c1)C(=O)O)N)C,0,Test,1529
1530,CC(c1ccc2c(c1)c(=O)c1c(o2)nc(c(c1)C(=O)O)N)C,0,Train,1530
1526,CC(c1ccc2c(c1)c(=O)c1c(o2)nc(c(c1)C(=O)O)N)C,0,Train,1526
1525,CC(c1ccc2c(c1)c(=O)c1c(o2)nc(c(c1)C(=O)O)N)C,0,Train,1525
1527,CC(c1ccc2c(c1)c(=O)c1c(o2)nc(c(c1)C(=O)O)N)C,0,Test,1527
6869,CC(c1cccc(c1O)C(C)C)C,0,Test,6869
3093,CC1Nc2cc(Cl)c(cc2C(=O)N1c1ccccc1C)S(=O)(=O)N,0,Train,3093
3089,CC1Nc2cc(Cl)c(cc2C(=O)N1c1ccccc1C)S(=O)(=O)N,0,Train,3089
3090,CC1Nc2cc(Cl)c(cc2C(=O)N1c1ccccc1C)S(=O)(=O)N,0,Train,3090
3091,CC1Nc2cc(Cl)c(cc2C(=O)N1c1ccccc1C)S(=O)(=O)N,0,Test,3091
3094,CC1Nc2cc(Cl)c(cc2C(=O)N1c1ccccc1C)S(=O)(=O)N,0,Test,3094
3092,CC1Nc2cc(Cl)c(cc2C(=O)N1c1ccccc1C)S(=O)(=O)N,0,Train,3092
6148,CC=CCC(C(C1C(=O)NC(CC)C(=O)N(C)CC(=O)N(C)C(CC(C)C)C(=O)NC(C(C)C)C(=O)N(C)C(CC(C)C)C(=O)NC(C(=O)NC(C(=O)N(C(C(=O)N(C(C(=O)N(C(C(=O)N1C)C(C)C)C)CC(C)C)C)CC(C)C)C)C)C)O)C,1,Train,6148
3052,CCC(=C)C(=O)c1ccc(c(c1Cl)Cl)OCC(=O)O,0,Train,3052
3048,CCC(=C)C(=O)c1ccc(c(c1Cl)Cl)OCC(=O)O,0,Train,3048
3049,CCC(=C)C(=O)c1ccc(c(c1Cl)Cl)OCC(=O)O,0,Test,3049
3047,CCC(=C)C(=O)c1ccc(c(c1Cl)Cl)OCC(=O)O,0,Train,3047
3051,CCC(=C)C(=O)c1ccc(c(c1Cl)Cl)OCC(=O)O,0,Train,3051
3050,CCC(=C)C(=O)c1ccc(c(c1Cl)Cl)OCC(=O)O,0,Train,3050
7102,CCC(C(=O)OC1CC(C)C=C2C1C(CCC1CC(O)CC(=O)O1)C(C=C2)C)(C)C,0,Train,7102
6677,CCC(NC(=O)C1CN(C)C2C(=C1)c1cccc3c1c(C2)c[nH]3)CO,0,Train,6677
0,CCC1(CCC(=O)NC1=O)c1ccc(cc1)N,0,Train,0
1,CCC1(CCC(=O)NC1=O)c1ccc(cc1)N,0,Train,1
2,CCC1(CCC(=O)NC1=O)c1ccc(cc1)N,0,Train,2
3,CCC1(CCC(=O)NC1=O)c1ccc(cc1)N,0,Train,3
4,CCC1(CCC(=O)NC1=O)c1ccc(cc1)N,0,Test,4
5,CCC1(CCC(=O)NC1=O)c1ccc(cc1)N,0,Train,5
6091,CCC1(O)C(=O)OCc2c1cc1-c3nc4ccccc4cc3Cn1c2=O,1,Train,6091
6422,CCC1=C(C)CN(C1=O)C(=O)NCCc1ccc(cc1)S(=O)(=O)NC(=O)NC1CCC(CC1)C,0,Train,6422
87,CCCC(=O)Nc1ccc(c(c1)C(=O)C)OCC(CNC(C)C)O,0,Train,87
90,CCCC(=O)Nc1ccc(c(c1)C(=O)C)OCC(CNC(C)C)O,0,Train,90
92,CCCC(=O)Nc1ccc(c(c1)C(=O)C)OCC(CNC(C)C)O,0,Test,92
91,CCCC(=O)Nc1ccc(c(c1)C(=O)C)OCC(CNC(C)C)O,0,Train,91
89,CCCC(=O)Nc1ccc(c(c1)C(=O)C)OCC(CNC(C)C)O,0,Train,89
88,CCCC(=O)Nc1ccc(c(c1)C(=O)C)OCC(CNC(C)C)O,0,Train,88
4720,CCCC(COC(=O)N)(COC(=O)NC(C)C)C,0,Test,4720
4719,CCCC(COC(=O)N)(COC(=O)NC(C)C)C,0,Train,4719
4718,CCCC(COC(=O)N)(COC(=O)NC(C)C)C,0,Train,4718
4716,CCCC(COC(=O)N)(COC(=O)NC(C)C)C,0,Test,4716
4715,CCCC(COC(=O)N)(COC(=O)NC(C)C)C,0,Train,4715
4717,CCCC(COC(=O)N)(COC(=O)NC(C)C)C,0,Train,4717
6028,CCCC1OC2C(O1)(C(=O)CO)C1(C(C2)C2CCC3=CC(=O)C=CC3(C2C(C1)O)C)C,0,Train,6028
9544,CCCCC(=O)N(C(C(=O)O)C(C)C)Cc1ccc(cc1)c1ccccc1c1n[nH]nn1,1,Train,9544
808,CCCCC1C(=O)N(N(C1=O)c1ccccc1)c1ccccc1,1,Train,808
810,CCCCC1C(=O)N(N(C1=O)c1ccccc1)c1ccccc1,1,Test,810
805,CCCCC1C(=O)N(N(C1=O)c1ccccc1)c1ccccc1,1,Train,805
806,CCCCC1C(=O)N(N(C1=O)c1ccccc1)c1ccccc1,1,Train,806
809,CCCCC1C(=O)N(N(C1=O)c1ccccc1)c1ccccc1,1,Train,809
807,CCCCC1C(=O)N(N(C1=O)c1ccccc1)c1ccccc1,1,Train,807
3720,CCCCNC(=O)NS(=O)(=O)c1ccc(cc1)C,0,Test,3720
3721,CCCCNC(=O)NS(=O)(=O)c1ccc(cc1)C,0,Test,3721
3719,CCCCNC(=O)NS(=O)(=O)c1ccc(cc1)C,0,Train,3719
3718,CCCCNC(=O)NS(=O)(=O)c1ccc(cc1)C,0,Train,3718
3716,CCCCNC(=O)NS(=O)(=O)c1ccc(cc1)C,0,Train,3716
3717,CCCCNC(=O)NS(=O)(=O)c1ccc(cc1)C,0,Train,3717
2467,CCCCNc1cc(cc(c1Oc1ccccc1)S(=O)(=O)N)C(=O)O,1,Train,2467
2468,CCCCNc1cc(cc(c1Oc1ccccc1)S(=O)(=O)N)C(=O)O,1,Test,2468
2466,CCCCNc1cc(cc(c1Oc1ccccc1)S(=O)(=O)N)C(=O)O,1,Train,2466
2463,CCCCNc1cc(cc(c1Oc1ccccc1)S(=O)(=O)N)C(=O)O,1,Train,2463
2464,CCCCNc1cc(cc(c1Oc1ccccc1)S(=O)(=O)N)C(=O)O,1,Train,2464
2465,CCCCNc1cc(cc(c1Oc1ccccc1)S(=O)(=O)N)C(=O)O,1,Train,2465
3548,CCCCNc1ccc(cc1)C(=O)OCCN(C)C,0,Train,3548
3545,CCCCNc1ccc(cc1)C(=O)OCCN(C)C,0,Train,3545
3546,CCCCNc1ccc(cc1)C(=O)OCCN(C)C,0,Train,3546
3550,CCCCNc1ccc(cc1)C(=O)OCCN(C)C,0,Train,3550
3547,CCCCNc1ccc(cc1)C(=O)OCCN(C)C,0,Train,3547
3549,CCCCNc1ccc(cc1)C(=O)OCCN(C)C,0,Test,3549
238,CCCCc1oc2c(c1C(=O)c1cc(I)c(c(c1)I)OCCN(CC)CC)cccc2,0,Train,238
239,CCCCc1oc2c(c1C(=O)c1cc(I)c(c(c1)I)OCCN(CC)CC)cccc2,0,Train,239
242,CCCCc1oc2c(c1C(=O)c1cc(I)c(c(c1)I)OCCN(CC)CC)cccc2,0,Train,242
241,CCCCc1oc2c(c1C(=O)c1cc(I)c(c(c1)I)OCCN(CC)CC)cccc2,0,Train,241
240,CCCCc1oc2c(c1C(=O)c1cc(I)c(c(c1)I)OCCN(CC)CC)cccc2,0,Train,240
243,CCCCc1oc2c(c1C(=O)c1cc(I)c(c(c1)I)OCCN(CC)CC)cccc2,0,Test,243
5948,CCCNC(C(=O)Nc1c(C)csc1C(=O)OC)C,0,Train,5948
6184,CCN(C(=O)c1cccc(c1)C)CC,1,Test,6184
1096,CCN(C(C(=O)c1ccccc1)C)CC,0,Train,1096
1097,CCN(C(C(=O)c1ccccc1)C)CC,0,Train,1097
1099,CCN(C(C(=O)c1ccccc1)C)CC,0,Test,1099
1100,CCN(C(C(=O)c1ccccc1)C)CC,0,Train,1100
1101,CCN(C(C(=O)c1ccccc1)C)CC,0,Train,1101
1098,CCN(C(C(=O)c1ccccc1)C)CC,0,Test,1098
3061,CCN(CC#CCOC(=O)C(c1ccccc1)(C1CCCCC1)O)CC,0,Train,3061
3063,CCN(CC#CCOC(=O)C(c1ccccc1)(C1CCCCC1)O)CC,0,Train,3063
3064,CCN(CC#CCOC(=O)C(c1ccccc1)(C1CCCCC1)O)CC,0,Test,3064
3060,CCN(CC#CCOC(=O)C(c1ccccc1)(C1CCCCC1)O)CC,0,Train,3060
3062,CCN(CC#CCOC(=O)C(c1ccccc1)(C1CCCCC1)O)CC,0,Train,3062
3059,CCN(CC#CCOC(=O)C(c1ccccc1)(C1CCCCC1)O)CC,0,Train,3059
2781,CCN(CC(=O)Nc1c(C)cccc1C)CC,0,Train,2781
2780,CCN(CC(=O)Nc1c(C)cccc1C)CC,0,Train,2780
2779,CCN(CC(=O)Nc1c(C)cccc1C)CC,0,Train,2779
2778,CCN(CC(=O)Nc1c(C)cccc1C)CC,0,Train,2778
2777,CCN(CC(=O)Nc1c(C)cccc1C)CC,0,Train,2777
4484,CCN(CCNC(=O)c1cc(Cl)c(cc1OC)N)CC,0,Train,4484
4482,CCN(CCNC(=O)c1cc(Cl)c(cc1OC)N)CC,0,Test,4482
4485,CCN(CCNC(=O)c1cc(Cl)c(cc1OC)N)CC,0,Test,4485
4487,CCN(CCNC(=O)c1cc(Cl)c(cc1OC)N)CC,0,Train,4487
4486,CCN(CCNC(=O)c1cc(Cl)c(cc1OC)N)CC,0,Train,4486
4483,CCN(CCNC(=O)c1cc(Cl)c(cc1OC)N)CC,0,Train,4483
6177,CCN(CCOC(=O)C1(CCCCC1)C1CCCCC1)CC,0,Test,6177
616,CCN(CCOC(=O)c1ccc(cc1)N)CC,0,Test,616
617,CCN(CCOC(=O)c1ccc(cc1)N)CC,0,Test,617
618,CCN(CCOC(=O)c1ccc(cc1)N)CC,0,Train,618
619,CCN(CCOC(=O)c1ccc(cc1)N)CC,0,Train,619
620,CCN(CCOC(=O)c1ccc(cc1)N)CC,0,Train,620
621,CCN(CCOC(=O)c1ccc(cc1)N)CC,0,Train,621
6010,CCOC(=O)C(NC1CCc2c(N(C1=O)CC(=O)O)cccc2)CCc1ccccc1,0,Train,6010
1553,CCOC(=O)C1=C(C)NC(=C(C1c1cccc(c1Cl)Cl)C(=O)OC)C,0,Test,1553
1548,CCOC(=O)C1=C(C)NC(=C(C1c1cccc(c1Cl)Cl)C(=O)OC)C,0,Test,1548
1550,CCOC(=O)C1=C(C)NC(=C(C1c1cccc(c1Cl)Cl)C(=O)OC)C,0,Train,1550
1551,CCOC(=O)C1=C(C)NC(=C(C1c1cccc(c1Cl)Cl)C(=O)OC)C,0,Train,1551
1552,CCOC(=O)C1=C(C)NC(=C(C1c1cccc(c1Cl)Cl)C(=O)OC)C,0,Train,1552
1549,CCOC(=O)C1=C(C)NC(=C(C1c1cccc(c1Cl)Cl)C(=O)OC)C,0,Train,1549
10075,CCOC(=O)CCC(=O)OC1C(OC(CC1N(C)C)C)OC1C(C)C(OC2OC(C)C(C(C2)(C)OC)O)C(C)C(=O)OC(CC)C(C(C(C(=O)C(CC1(C)O)C)C)O)(C)O,0,Train,10075
2928,CCOC(=O)c1cncn1C(c1ccccc1)C,0,Train,2928
2932,CCOC(=O)c1cncn1C(c1ccccc1)C,0,Test,2932
2930,CCOC(=O)c1cncn1C(c1ccccc1)C,0,Train,2930
2929,CCOC(=O)c1cncn1C(c1ccccc1)C,0,Train,2929
2933,CCOC(=O)c1cncn1C(c1ccccc1)C,0,Train,2933
2931,CCOC(=O)c1cncn1C(c1ccccc1)C,0,Train,2931
4615,CCOC(=O)n1ccn(c1=S)C,0,Train,4615
4616,CCOC(=O)n1ccn(c1=S)C,0,Train,4616
4617,CCOC(=O)n1ccn(c1=S)C,0,Test,4617
4614,CCOC(=O)n1ccn(c1=S)C,0,Train,4614
4613,CCOC(=O)n1ccn(c1=S)C,0,Train,4613
4618,CCOC(=O)n1ccn(c1=S)C,0,Test,4618
6832,CCOc1ccc(cc1)NC(=O)C,1,Test,6832
9303,CCS(=O)(=O)CCn1c(C)ncc1N(=O)=O,0,Train,9303
3118,CCc1c(C)[nH]c2c1C(=O)C(CC2)CN1CCOCC1,0,Train,3118
3117,CCc1c(C)[nH]c2c1C(=O)C(CC2)CN1CCOCC1,0,Train,3117
3116,CCc1c(C)[nH]c2c1C(=O)C(CC2)CN1CCOCC1,0,Test,3116
3115,CCc1c(C)[nH]c2c1C(=O)C(CC2)CN1CCOCC1,0,Train,3115
3114,CCc1c(C)[nH]c2c1C(=O)C(CC2)CN1CCOCC1,0,Train,3114
3113,CCc1c(C)[nH]c2c1C(=O)C(CC2)CN1CCOCC1,0,Train,3113
2998,CCc1ccc(nc1)CCOc1ccc(cc1)CC1SC(=O)NC1=O,0,Test,2998
2995,CCc1ccc(nc1)CCOc1ccc(cc1)CC1SC(=O)NC1=O,0,Train,2995
2997,CCc1ccc(nc1)CCOc1ccc(cc1)CC1SC(=O)NC1=O,0,Train,2997
2996,CCc1ccc(nc1)CCOc1ccc(cc1)CC1SC(=O)NC1=O,0,Test,2996
2994,CCc1ccc(nc1)CCOc1ccc(cc1)CC1SC(=O)NC1=O,0,Train,2994
2993,CCc1ccc(nc1)CCOc1ccc(cc1)CC1SC(=O)NC1=O,0,Train,2993
7518,CN(C(CN1c2ccccc2Sc2c1cccc2)C)C,0,Test,7518
72,CN(CCCOc1nn(c2c1cccc2)Cc1ccccc1)C,0,Test,72
71,CN(CCCOc1nn(c2c1cccc2)Cc1ccccc1)C,0,Train,71
67,CN(CCCOc1nn(c2c1cccc2)Cc1ccccc1)C,0,Train,67
68,CN(CCCOc1nn(c2c1cccc2)Cc1ccccc1)C,0,Train,68
69,CN(CCCOc1nn(c2c1cccc2)Cc1ccccc1)C,0,Train,69
70,CN(CCCOc1nn(c2c1cccc2)Cc1ccccc1)C,0,Train,70
8467,CN(CCOC(c1ccccc1)c1ccccc1)C,0,Test,8467
9197,CN(CCc1ccc(cc1)NS(=O)(=O)C)CCOc1ccc(cc1)NS(=O)(=O)C,0,Train,9197
4469,CN(c1ccc2c(c1)nn(c2C)C)c1ccnc(n1)Nc1ccc(c(c1)S(=O)(=O)N)C,0,Train,4469
4473,CN(c1ccc2c(c1)nn(c2C)C)c1ccnc(n1)Nc1ccc(c(c1)S(=O)(=O)N)C,0,Train,4473
4472,CN(c1ccc2c(c1)nn(c2C)C)c1ccnc(n1)Nc1ccc(c(c1)S(=O)(=O)N)C,0,Train,4472
4471,CN(c1ccc2c(c1)nn(c2C)C)c1ccnc(n1)Nc1ccc(c(c1)S(=O)(=O)N)C,0,Train,4471
4470,CN(c1ccc2c(c1)nn(c2C)C)c1ccnc(n1)Nc1ccc(c(c1)S(=O)(=O)N)C,0,Test,4470
4465,CN(c1ccc2c(c1)nn(c2C)C)c1ccnc(n1)Nc1ccc(c(c1)S(=O)(=O)N)C,0,Train,4465
4466,CN(c1ccc2c(c1)nn(c2C)C)c1ccnc(n1)Nc1ccc(c(c1)S(=O)(=O)N)C,0,Train,4466
4467,CN(c1ccc2c(c1)nn(c2C)C)c1ccnc(n1)Nc1ccc(c(c1)S(=O)(=O)N)C,0,Train,4467
4474,CN(c1ccc2c(c1)nn(c2C)C)c1ccnc(n1)Nc1ccc(c(c1)S(=O)(=O)N)C,0,Train,4474
4468,CN(c1ccc2c(c1)nn(c2C)C)c1ccnc(n1)Nc1ccc(c(c1)S(=O)(=O)N)C,0,Test,4468
4475,CN(c1ccc2c(c1)nn(c2C)C)c1ccnc(n1)Nc1ccc(c(c1)S(=O)(=O)N)C,0,Train,4475
4774,CN1CCN(CC1)Cc1ccc(cc1)C(=O)Nc1ccc(c(c1)Nc1nccc(n1)c1cccnc1)C,1,Train,4774
4776,CN1CCN(CC1)Cc1ccc(cc1)C(=O)Nc1ccc(c(c1)Nc1nccc(n1)c1cccnc1)C,1,Test,4776
4779,CN1CCN(CC1)Cc1ccc(cc1)C(=O)Nc1ccc(c(c1)Nc1nccc(n1)c1cccnc1)C,1,Train,4779
4778,CN1CCN(CC1)Cc1ccc(cc1)C(=O)Nc1ccc(c(c1)Nc1nccc(n1)c1cccnc1)C,1,Test,4778
4780,CN1CCN(CC1)Cc1ccc(cc1)C(=O)Nc1ccc(c(c1)Nc1nccc(n1)c1cccnc1)C,1,Test,4780
4775,CN1CCN(CC1)Cc1ccc(cc1)C(=O)Nc1ccc(c(c1)Nc1nccc(n1)c1cccnc1)C,1,Train,4775
4777,CN1CCN(CC1)Cc1ccc(cc1)C(=O)Nc1ccc(c(c1)Nc1nccc(n1)c1cccnc1)C,1,Train,4777
4772,CN1CCN(CC1)Cc1ccc(cc1)C(=O)Nc1ccc(c(c1)Nc1nccc(n1)c1cccnc1)C,1,Train,4772
4771,CN1CCN(CC1)Cc1ccc(cc1)C(=O)Nc1ccc(c(c1)Nc1nccc(n1)c1cccnc1)C,1,Train,4771
4770,CN1CCN(CC1)Cc1ccc(cc1)C(=O)Nc1ccc(c(c1)Nc1nccc(n1)c1cccnc1)C,1,Train,4770
4773,CN1CCN(CC1)Cc1ccc(cc1)C(=O)Nc1ccc(c(c1)Nc1nccc(n1)c1cccnc1)C,1,Test,4773
3057,CN1CCN2C(C1)c1ccccc1Cc1c2nccc1,0,Train,3057
3055,CN1CCN2C(C1)c1ccccc1Cc1c2nccc1,0,Train,3055
3056,CN1CCN2C(C1)c1ccccc1Cc1c2nccc1,0,Train,3056
3053,CN1CCN2C(C1)c1ccccc1Cc1c2nccc1,0,Train,3053
3058,CN1CCN2C(C1)c1ccccc1Cc1c2nccc1,0,Train,3058
3054,CN1CCN2C(C1)c1ccccc1Cc1c2nccc1,0,Train,3054
6975,CNC(=CN(=O)=O)NCCSCc1ccc(o1)CN(C)C,0,Train,6975
10151,CNC(=O)Oc1cccc2c1cccc2,1,Train,10151
1040,CNC(=O)c1nccc(c1)Oc1ccc(cc1)NC(=O)Nc1ccc(c(c1)C(F)(F)F)Cl,1,Train,1040
1038,CNC(=O)c1nccc(c1)Oc1ccc(cc1)NC(=O)Nc1ccc(c(c1)C(F)(F)F)Cl,1,Train,1038
1036,CNC(=O)c1nccc(c1)Oc1ccc(cc1)NC(=O)Nc1ccc(c(c1)C(F)(F)F)Cl,1,Test,1036
1035,CNC(=O)c1nccc(c1)Oc1ccc(cc1)NC(=O)Nc1ccc(c(c1)C(F)(F)F)Cl,1,Train,1035
1034,CNC(=O)c1nccc(c1)Oc1ccc(cc1)NC(=O)Nc1ccc(c(c1)C(F)(F)F)Cl,1,Train,1034
1039,CNC(=O)c1nccc(c1)Oc1ccc(cc1)NC(=O)Nc1ccc(c(c1)C(F)(F)F)Cl,1,Train,1039
1041,CNC(=O)c1nccc(c1)Oc1ccc(cc1)NC(=O)Nc1ccc(c(c1)C(F)(F)F)Cl,1,Train,1041
1037,CNC(=O)c1nccc(c1)Oc1ccc(cc1)NC(=O)Nc1ccc(c(c1)C(F)(F)F)Cl,1,Train,1037
1032,CNC(=O)c1nccc(c1)Oc1ccc(cc1)NC(=O)Nc1ccc(c(c1)C(F)(F)F)Cl,1,Train,1032
1031,CNC(=O)c1nccc(c1)Oc1ccc(cc1)NC(=O)Nc1ccc(c(c1)C(F)(F)F)Cl,1,Train,1031
1033,CNC(=O)c1nccc(c1)Oc1ccc(cc1)NC(=O)Nc1ccc(c(c1)C(F)(F)F)Cl,1,Train,1033
6939,CNC(C(c1ccccc1)O)C,1,Train,6939
554,CNC1(C)C2CCC(C1(C)C)C2,0,Train,554
556,CNC1(C)C2CCC(C1(C)C)C2,0,Train,556
555,CNC1(C)C2CCC(C1(C)C)C2,0,Train,555
558,CNC1(C)C2CCC(C1(C)C)C2,0,Train,558
557,CNC1(C)C2CCC(C1(C)C)C2,0,Train,557
559,CNC1(C)C2CCC(C1(C)C)C2,0,Train,559
43,COC(=O)C1=C(C)NC(=C(C1c1cccc(c1)N(=O)=O)C(=O)OCCN(Cc1ccccc1)C)C,0,Train,43
48,COC(=O)C1=C(C)NC(=C(C1c1cccc(c1)N(=O)=O)C(=O)OCCN(Cc1ccccc1)C)C,0,Train,48
46,COC(=O)C1=C(C)NC(=C(C1c1cccc(c1)N(=O)=O)C(=O)OCCN(Cc1ccccc1)C)C,0,Train,46
44,COC(=O)C1=C(C)NC(=C(C1c1cccc(c1)N(=O)=O)C(=O)OCCN(Cc1ccccc1)C)C,0,Test,44
47,COC(=O)C1=C(C)NC(=C(C1c1cccc(c1)N(=O)=O)C(=O)OCCN(Cc1ccccc1)C)C,0,Train,47
45,COC(=O)C1=C(C)NC(=C(C1c1cccc(c1)N(=O)=O)C(=O)OCCN(Cc1ccccc1)C)C,0,Train,45
4414,COC(=O)C1=C(C)NC(=C(C1c1cccc2c1non2)C(=O)OC(C)C)C,0,Train,4414
4412,COC(=O)C1=C(C)NC(=C(C1c1cccc2c1non2)C(=O)OC(C)C)C,0,Train,4412
4409,COC(=O)C1=C(C)NC(=C(C1c1cccc2c1non2)C(=O)OC(C)C)C,0,Train,4409
4413,COC(=O)C1=C(C)NC(=C(C1c1cccc2c1non2)C(=O)OC(C)C)C,0,Train,4413
4410,COC(=O)C1=C(C)NC(=C(C1c1cccc2c1non2)C(=O)OC(C)C)C,0,Train,4410
4411,COC(=O)C1=C(C)NC(=C(C1c1cccc2c1non2)C(=O)OC(C)C)C,0,Test,4411
6776,COC(=O)C1=C(C)NC(=C(C1c1ccccc1N(=O)=O)C(=O)OC)C,0,Train,6776
7254,COC(=O)C1C(O)CCC2C1CC1N(C2)CCc2c1[nH]c1c2cccc1,1,Train,7254
6297,COC(=O)C1CC2=CC(=O)CCC2(C23C1C1CCC4(C1(C)CC3O2)CCC(=O)O4)C,1,Train,6297
2469,COCCCOc1ccnc(c1C)CS(=O)c1nc2c([nH]1)cccc2,0,Train,2469
2471,COCCCOc1ccnc(c1C)CS(=O)c1nc2c([nH]1)cccc2,0,Train,2471
2472,COCCCOc1ccnc(c1C)CS(=O)c1nc2c([nH]1)cccc2,0,Train,2472
2470,COCCCOc1ccnc(c1C)CS(=O)c1nc2c([nH]1)cccc2,0,Train,2470
2474,COCCCOc1ccnc(c1C)CS(=O)c1nc2c([nH]1)cccc2,0,Train,2474
2473,COCCCOc1ccnc(c1C)CS(=O)c1nc2c([nH]1)cccc2,0,Train,2473
2606,COCCOC(=O)C1=C(C)NC(=C(C1c1cccc(c1)N(=O)=O)C(=O)OC(C)C)C,0,Train,2606
2601,COCCOC(=O)C1=C(C)NC(=C(C1c1cccc(c1)N(=O)=O)C(=O)OC(C)C)C,0,Test,2601
2602,COCCOC(=O)C1=C(C)NC(=C(C1c1cccc(c1)N(=O)=O)C(=O)OC(C)C)C,0,Train,2602
2605,COCCOC(=O)C1=C(C)NC(=C(C1c1cccc(c1)N(=O)=O)C(=O)OC(C)C)C,0,Test,2605
2604,COCCOC(=O)C1=C(C)NC(=C(C1c1cccc(c1)N(=O)=O)C(=O)OC(C)C)C,0,Train,2604
2603,COCCOC(=O)C1=C(C)NC(=C(C1c1cccc(c1)N(=O)=O)C(=O)OC(C)C)C,0,Train,2603
1806,COCCc1ccc(cc1)OCC(CNC(C)C)O,0,Train,1806
1803,COCCc1ccc(cc1)OCC(CNC(C)C)O,0,Train,1803
1807,COCCc1ccc(cc1)OCC(CNC(C)C)O,0,Test,1807
1808,COCCc1ccc(cc1)OCC(CNC(C)C)O,0,Train,1808
1804,COCCc1ccc(cc1)OCC(CNC(C)C)O,0,Train,1804
1805,COCCc1ccc(cc1)OCC(CNC(C)C)O,0,Train,1805
3152,COc1c2oc(=O)ccc2cc2c1occ2,0,Train,3152
3151,COc1c2oc(=O)ccc2cc2c1occ2,0,Test,3151
3153,COc1c2oc(=O)ccc2cc2c1occ2,0,Train,3153
3149,COc1c2oc(=O)ccc2cc2c1occ2,0,Test,3149
3154,COc1c2oc(=O)ccc2cc2c1occ2,0,Train,3154
3150,COc1c2oc(=O)ccc2cc2c1occ2,0,Train,3150
10180,COc1cc(cc(c1OC)OC)C1C2C(=O)OCC2C(c2c1cc1OCOc1c2)O,1,Train,10180
5891,COc1cc2nc(nc(c2cc1OC)N)N(CCCNC(=O)C1CCCO1)C,0,Train,5891
8240,COc1cc2nc(nc(c2cc1OC)N)N1CCN(CC1)C(=O)C1CCCO1,0,Train,8240
3000,COc1cc2nc(nc(c2cc1OC)N)N1CCN(CC1)C(=O)c1ccco1,0,Train,3000
3001,COc1cc2nc(nc(c2cc1OC)N)N1CCN(CC1)C(=O)c1ccco1,0,Train,3001
3002,COc1cc2nc(nc(c2cc1OC)N)N1CCN(CC1)C(=O)c1ccco1,0,Test,3002
3004,COc1cc2nc(nc(c2cc1OC)N)N1CCN(CC1)C(=O)c1ccco1,0,Train,3004
3003,COc1cc2nc(nc(c2cc1OC)N)N1CCN(CC1)C(=O)c1ccco1,0,Train,3003
2999,COc1cc2nc(nc(c2cc1OC)N)N1CCN(CC1)C(=O)c1ccco1,0,Train,2999
3192,COc1cc2ncnc(c2cc1OCCCN1CCOCC1)Nc1ccc(c(c1)Cl)F,0,Train,3192
3191,COc1cc2ncnc(c2cc1OCCCN1CCOCC1)Nc1ccc(c(c1)Cl)F,0,Train,3191
3193,COc1cc2ncnc(c2cc1OCCCN1CCOCC1)Nc1ccc(c(c1)Cl)F,0,Train,3193
3194,COc1cc2ncnc(c2cc1OCCCN1CCOCC1)Nc1ccc(c(c1)Cl)F,0,Train,3194
3195,COc1cc2ncnc(c2cc1OCCCN1CCOCC1)Nc1ccc(c(c1)Cl)F,0,Train,3195
3198,COc1cc2ncnc(c2cc1OCCCN1CCOCC1)Nc1ccc(c(c1)Cl)F,0,Train,3198
3200,COc1cc2ncnc(c2cc1OCCCN1CCOCC1)Nc1ccc(c(c1)Cl)F,0,Train,3200
3199,COc1cc2ncnc(c2cc1OCCCN1CCOCC1)Nc1ccc(c(c1)Cl)F,0,Train,3199
3197,COc1cc2ncnc(c2cc1OCCCN1CCOCC1)Nc1ccc(c(c1)Cl)F,0,Train,3197
3190,COc1cc2ncnc(c2cc1OCCCN1CCOCC1)Nc1ccc(c(c1)Cl)F,0,Train,3190
3196,COc1cc2ncnc(c2cc1OCCCN1CCOCC1)Nc1ccc(c(c1)Cl)F,0,Train,3196
2637,COc1ccc(c(c1)O)C(=O)c1ccccc1,1,Train,2637
2638,COc1ccc(c(c1)O)C(=O)c1ccccc1,1,Test,2638
2639,COc1ccc(c(c1)O)C(=O)c1ccccc1,1,Train,2639
2640,COc1ccc(c(c1)O)C(=O)c1ccccc1,1,Train,2640
2641,COc1ccc(c(c1)O)C(=O)c1ccccc1,1,Test,2641
2642,COc1ccc(c(c1)O)C(=O)c1ccccc1,1,Train,2642
3827,COc1ccc(cc1)C1Sc2ccccc2N(C(=O)C1OC(=O)C)CCN(C)C,0,Train,3827
3826,COc1ccc(cc1)C1Sc2ccccc2N(C(=O)C1OC(=O)C)CCN(C)C,0,Train,3826
3829,COc1ccc(cc1)C1Sc2ccccc2N(C(=O)C1OC(=O)C)CCN(C)C,0,Train,3829
3828,COc1ccc(cc1)C1Sc2ccccc2N(C(=O)C1OC(=O)C)CCN(C)C,0,Test,3828
3831,COc1ccc(cc1)C1Sc2ccccc2N(C(=O)C1OC(=O)C)CCN(C)C,0,Train,3831
3830,COc1ccc(cc1)C1Sc2ccccc2N(C(=O)C1OC(=O)C)CCN(C)C,0,Train,3830
6629,COc1ccc(cc1)CC(N(CCCCOC(=O)c1ccc(c(c1)OC)OC)CC)C,0,Train,6629
4540,COc1ccc(cc1C(CNC(=O)CN)O)OC,0,Train,4540
4539,COc1ccc(cc1C(CNC(=O)CN)O)OC,0,Train,4539
4536,COc1ccc(cc1C(CNC(=O)CN)O)OC,0,Train,4536
4538,COc1ccc(cc1C(CNC(=O)CN)O)OC,0,Train,4538
4537,COc1ccc(cc1C(CNC(=O)CN)O)OC,0,Train,4537
4541,COc1ccc(cc1C(CNC(=O)CN)O)OC,0,Train,4541
1616,COc1ccc(cc1C12CC3CC(C2)CC(C1)C3)c1ccc2c(c1)ccc(c2)C(=O)O,0,Test,1616
1617,COc1ccc(cc1C12CC3CC(C2)CC(C1)C3)c1ccc2c(c1)ccc(c2)C(=O)O,0,Train,1617
1614,COc1ccc(cc1C12CC3CC(C2)CC(C1)C3)c1ccc2c(c1)ccc(c2)C(=O)O,0,Train,1614
1615,COc1ccc(cc1C12CC3CC(C2)CC(C1)C3)c1ccc2c(c1)ccc(c2)C(=O)O,0,Train,1615
1618,COc1ccc(cc1C12CC3CC(C2)CC(C1)C3)c1ccc2c(c1)ccc(c2)C(=O)O,0,Train,1618
1619,COc1ccc(cc1C12CC3CC(C2)CC(C1)C3)c1ccc2c(c1)ccc(c2)C(=O)O,0,Train,1619
795,COc1ccc(cc1OC)CCN(CCCC(c1ccc(c(c1)OC)OC)(C(C)C)C#N)C,0,Train,795
798,COc1ccc(cc1OC)CCN(CCCC(c1ccc(c(c1)OC)OC)(C(C)C)C#N)C,0,Test,798
797,COc1ccc(cc1OC)CCN(CCCC(c1ccc(c(c1)OC)OC)(C(C)C)C#N)C,0,Test,797
796,COc1ccc(cc1OC)CCN(CCCC(c1ccc(c(c1)OC)OC)(C(C)C)C#N)C,0,Train,796
794,COc1ccc(cc1OC)CCN(CCCC(c1ccc(c(c1)OC)OC)(C(C)C)C#N)C,0,Test,794
793,COc1ccc(cc1OC)CCN(CCCC(c1ccc(c(c1)OC)OC)(C(C)C)C#N)C,0,Train,793
162,COc1ccc(cc1OC)Cc1nccc2c1cc(OC)c(c2)OC,0,Train,162
165,COc1ccc(cc1OC)Cc1nccc2c1cc(OC)c(c2)OC,0,Train,165
164,COc1ccc(cc1OC)Cc1nccc2c1cc(OC)c(c2)OC,0,Train,164
161,COc1ccc(cc1OC)Cc1nccc2c1cc(OC)c(c2)OC,0,Train,161
160,COc1ccc(cc1OC)Cc1nccc2c1cc(OC)c(c2)OC,0,Train,160
163,COc1ccc(cc1OC)Cc1nccc2c1cc(OC)c(c2)OC,0,Train,163
6980,COc1ccc2c(c1)[nH]c1c2CCN2C1CC1C(C2)CC(C(C1C(=O)OC)OC)OC(=O)c1cc(OC)c(c(c1)OC)OC,0,Train,6980
4880,COc1ccc2c(c1)c(CCNC(=O)C)c[nH]2,0,Train,4880
4878,COc1ccc2c(c1)c(CCNC(=O)C)c[nH]2,0,Train,4878
4879,COc1ccc2c(c1)c(CCNC(=O)C)c[nH]2,0,Train,4879
4881,COc1ccc2c(c1)c(CCNC(=O)C)c[nH]2,0,Train,4881
4877,COc1ccc2c(c1)c(CCNC(=O)C)c[nH]2,0,Train,4877
4882,COc1ccc2c(c1)c(CCNC(=O)C)c[nH]2,0,Train,4882
4884,COc1ccccc1OCC(CN1CCN(CC1)CC(=O)Nc1c(C)cccc1C)O,1,Test,4884
4887,COc1ccccc1OCC(CN1CCN(CC1)CC(=O)Nc1c(C)cccc1C)O,1,Train,4887
4883,COc1ccccc1OCC(CN1CCN(CC1)CC(=O)Nc1c(C)cccc1C)O,1,Train,4883
4886,COc1ccccc1OCC(CN1CCN(CC1)CC(=O)Nc1c(C)cccc1C)O,1,Train,4886
4885,COc1ccccc1OCC(CN1CCN(CC1)CC(=O)Nc1c(C)cccc1C)O,1,Train,4885
4888,COc1ccccc1OCC(CN1CCN(CC1)CC(=O)Nc1c(C)cccc1C)O,1,Train,4888
345,COc1ccccc1OCC(COC(=O)N)O,0,Test,345
349,COc1ccccc1OCC(COC(=O)N)O,0,Train,349
348,COc1ccccc1OCC(COC(=O)N)O,0,Train,348
347,COc1ccccc1OCC(COC(=O)N)O,0,Test,347
346,COc1ccccc1OCC(COC(=O)N)O,0,Train,346
344,COc1ccccc1OCC(COC(=O)N)O,0,Train,344
1399,COc1nc(C)nc(c1NC1=NCCN1)Cl,0,Train,1399
1396,COc1nc(C)nc(c1NC1=NCCN1)Cl,0,Train,1396
1398,COc1nc(C)nc(c1NC1=NCCN1)Cl,0,Train,1398
1395,COc1nc(C)nc(c1NC1=NCCN1)Cl,0,Train,1395
1397,COc1nc(C)nc(c1NC1=NCCN1)Cl,0,Train,1397
1394,COc1nc(C)nc(c1NC1=NCCN1)Cl,0,Train,1394
6868,COc1nc(NC(C)C)nc(n1)NC(C)C,1,Test,6868
1010,CS(=O)(=O)OCCCCOS(=O)(=O)C,1,Test,1010
1011,CS(=O)(=O)OCCCCOS(=O)(=O)C,1,Train,1011
1009,CS(=O)(=O)OCCCCOS(=O)(=O)C,1,Train,1009
1008,CS(=O)(=O)OCCCCOS(=O)(=O)C,1,Test,1008
1007,CS(=O)(=O)OCCCCOS(=O)(=O)C,1,Train,1007
1012,CS(=O)(=O)OCCCCOS(=O)(=O)C,1,Train,1012
1006,CS(=O)(=O)OCCCCOS(=O)(=O)C,1,Train,1006
4433,Cc1ccc(cc1)N(c1cccc(c1)O)CC1=NCCN1,0,Train,4433
4434,Cc1ccc(cc1)N(c1cccc(c1)O)CC1=NCCN1,0,Test,4434
4432,Cc1ccc(cc1)N(c1cccc(c1)O)CC1=NCCN1,0,Train,4432
4431,Cc1ccc(cc1)N(c1cccc(c1)O)CC1=NCCN1,0,Test,4431
4430,Cc1ccc(cc1)N(c1cccc(c1)O)CC1=NCCN1,0,Train,4430
4429,Cc1ccc(cc1)N(c1cccc(c1)O)CC1=NCCN1,0,Test,4429
3177,Cc1cnc(cn1=O)C(=O)O,0,Train,3177
3175,Cc1cnc(cn1=O)C(=O)O,0,Test,3175
3174,Cc1cnc(cn1=O)C(=O)O,0,Train,3174
3173,Cc1cnc(cn1=O)C(=O)O,0,Train,3173
3176,Cc1cnc(cn1=O)C(=O)O,0,Train,3176
3178,Cc1cnc(cn1=O)C(=O)O,0,Train,3178
1660,Cc1ncc(nc1)C(=O)NCCc1ccc(cc1)S(=O)(=O)NC(=O)NC1CCCCC1,0,Train,1660
1659,Cc1ncc(nc1)C(=O)NCCc1ccc(cc1)S(=O)(=O)NC(=O)NC1CCCCC1,0,Train,1659
1658,Cc1ncc(nc1)C(=O)NCCc1ccc(cc1)S(=O)(=O)NC(=O)NC1CCCCC1,0,Train,1658
1661,Cc1ncc(nc1)C(=O)NCCc1ccc(cc1)S(=O)(=O)NC(=O)NC1CCCCC1,0,Train,1661
1662,Cc1ncc(nc1)C(=O)NCCc1ccc(cc1)S(=O)(=O)NC(=O)NC1CCCCC1,0,Test,1662
1657,Cc1ncc(nc1)C(=O)NCCc1ccc(cc1)S(=O)(=O)NC(=O)NC1CCCCC1,0,Train,1657
6837,ClCCN(C(COc1ccccc1)C)Cc1ccccc1,0,Train,6837
9540,ClCCN(P1(=O)NCCCO1)CCCl,1,Train,9540
9541,ClCCN(P1(=O)NCCCO1)CCCl,1,Train,9541
9542,ClCCN(P1(=O)NCCCO1)CCCl,1,Train,9542
10168,ClCCN(c1ccc(cc1)CC(C(=O)O)N)CCCl,0,Test,10168
3285,ClCCNP1(=O)OCCCN1CCCl,1,Train,3285
3283,ClCCNP1(=O)OCCCN1CCCl,1,Train,3283
3287,ClCCNP1(=O)OCCCN1CCCl,1,Train,3287
3286,ClCCNP1(=O)OCCCN1CCCl,1,Train,3286
3284,ClCCNP1(=O)OCCCN1CCCl,1,Train,3284
3288,ClCCNP1(=O)OCCCN1CCCl,1,Test,3288
3282,ClCCNP1(=O)OCCCN1CCCl,1,Train,3282
10156,Cl[Pt+2]Cl,1,Train,10156
10178,Clc1c(O)c(Cl)c(c(c1Cl)Cl)Cl,1,Train,10178
10179,Clc1c(O)c(Cl)c(c(c1Cl)Cl)Cl,1,Train,10179
4699,Clc1cc(Cl)c(c(c1O)Cc1c(O)c(Cl)cc(c1Cl)Cl)Cl,0,Train,4699
4703,Clc1cc(Cl)c(c(c1O)Cc1c(O)c(Cl)cc(c1Cl)Cl)Cl,0,Train,4703
4698,Clc1cc(Cl)c(c(c1O)Cc1c(O)c(Cl)cc(c1Cl)Cl)Cl,0,Train,4698
4701,Clc1cc(Cl)c(c(c1O)Cc1c(O)c(Cl)cc(c1Cl)Cl)Cl,0,Train,4701
4702,Clc1cc(Cl)c(c(c1O)Cc1c(O)c(Cl)cc(c1Cl)Cl)Cl,0,Train,4702
4700,Clc1cc(Cl)c(c(c1O)Cc1c(O)c(Cl)cc(c1Cl)Cl)Cl,0,Test,4700
4907,Clc1ccc(c(c1)Cl)C(Cn1ccnc1)OCc1csc2c1cccc2Cl,0,Test,4907
4908,Clc1ccc(c(c1)Cl)C(Cn1ccnc1)OCc1csc2c1cccc2Cl,0,Train,4908
4909,Clc1ccc(c(c1)Cl)C(Cn1ccnc1)OCc1csc2c1cccc2Cl,0,Train,4909
4912,Clc1ccc(c(c1)Cl)C(Cn1ccnc1)OCc1csc2c1cccc2Cl,0,Test,4912
4910,Clc1ccc(c(c1)Cl)C(Cn1ccnc1)OCc1csc2c1cccc2Cl,0,Train,4910
4911,Clc1ccc(c(c1)Cl)C(Cn1ccnc1)OCc1csc2c1cccc2Cl,0,Train,4911
9566,Clc1ccc(c(c1)Cl)C1(OCC(O1)COc1ccc(cc1)N1CCN(CC1)C(=O)C)Cn1cncc1,0,Train,9566
2510,Clc1ccc(c(c1)O)Oc1ccc(cc1Cl)Cl,1,Train,2510
2508,Clc1ccc(c(c1)O)Oc1ccc(cc1Cl)Cl,1,Train,2508
2509,Clc1ccc(c(c1)O)Oc1ccc(cc1Cl)Cl,1,Train,2509
2506,Clc1ccc(c(c1)O)Oc1ccc(cc1Cl)Cl,1,Test,2506
2511,Clc1ccc(c(c1)O)Oc1ccc(cc1Cl)Cl,1,Train,2511
2507,Clc1ccc(c(c1)O)Oc1ccc(cc1Cl)Cl,1,Train,2507
3556,Clc1ccc(cc1)C(=O)NCCc1ccc(cc1)OC(C(=O)O)(C)C,0,Train,3556
3551,Clc1ccc(cc1)C(=O)NCCc1ccc(cc1)OC(C(=O)O)(C)C,0,Test,3551
3552,Clc1ccc(cc1)C(=O)NCCc1ccc(cc1)OC(C(=O)O)(C)C,0,Test,3552
3553,Clc1ccc(cc1)C(=O)NCCc1ccc(cc1)OC(C(=O)O)(C)C,0,Train,3553
3554,Clc1ccc(cc1)C(=O)NCCc1ccc(cc1)OC(C(=O)O)(C)C,0,Train,3554
3555,Clc1ccc(cc1)C(=O)NCCc1ccc(cc1)OC(C(=O)O)(C)C,0,Train,3555
2691,Clc1ccc(cc1)C1(O)CCN(CC1)CCC(C(=O)N(C)C)(c1ccccc1)c1ccccc1,0,Test,2691
2690,Clc1ccc(cc1)C1(O)CCN(CC1)CCC(C(=O)N(C)C)(c1ccccc1)c1ccccc1,0,Train,2690
2689,Clc1ccc(cc1)C1(O)CCN(CC1)CCC(C(=O)N(C)C)(c1ccccc1)c1ccccc1,0,Test,2689
2693,Clc1ccc(cc1)C1(O)CCN(CC1)CCC(C(=O)N(C)C)(c1ccccc1)c1ccccc1,0,Train,2693
2694,Clc1ccc(cc1)C1(O)CCN(CC1)CCC(C(=O)N(C)C)(c1ccccc1)c1ccccc1,0,Train,2694
2692,Clc1ccc(cc1)C1(O)CCN(CC1)CCC(C(=O)N(C)C)(c1ccccc1)c1ccccc1,0,Train,2692
212,Clc1ccc(cc1)CCC(Sc1c(Cl)cccc1Cl)Cn1cncc1,0,Train,212
208,Clc1ccc(cc1)CCC(Sc1c(Cl)cccc1Cl)Cn1cncc1,0,Train,208
209,Clc1ccc(cc1)CCC(Sc1c(Cl)cccc1Cl)Cn1cncc1,0,Test,209
210,Clc1ccc(cc1)CCC(Sc1c(Cl)cccc1Cl)Cn1cncc1,0,Train,210
211,Clc1ccc(cc1)CCC(Sc1c(Cl)cccc1Cl)Cn1cncc1,0,Test,211
213,Clc1ccc(cc1)CCC(Sc1c(Cl)cccc1Cl)Cn1cncc1,0,Train,213
2730,Clc1ccc(cc1)COC(c1ccc(cc1Cl)Cl)Cn1cncc1,0,Train,2730
2732,Clc1ccc(cc1)COC(c1ccc(cc1Cl)Cl)Cn1cncc1,0,Train,2732
2733,Clc1ccc(cc1)COC(c1ccc(cc1Cl)Cl)Cn1cncc1,0,Test,2733
2734,Clc1ccc(cc1)COC(c1ccc(cc1Cl)Cl)Cn1cncc1,0,Train,2734
2731,Clc1ccc(cc1)COC(c1ccc(cc1Cl)Cl)Cn1cncc1,0,Train,2731
2735,Clc1ccc(cc1)COC(c1ccc(cc1Cl)Cl)Cn1cncc1,0,Test,2735
1715,Clc1ccc(cc1)c1c(C)c(nn1c1ccc(cc1Cl)Cl)C(=O)NN1CCCCC1,0,Test,1715
1713,Clc1ccc(cc1)c1c(C)c(nn1c1ccc(cc1Cl)Cl)C(=O)NN1CCCCC1,0,Train,1713
1714,Clc1ccc(cc1)c1c(C)c(nn1c1ccc(cc1Cl)Cl)C(=O)NN1CCCCC1,0,Train,1714
1716,Clc1ccc(cc1)c1c(C)c(nn1c1ccc(cc1Cl)Cl)C(=O)NN1CCCCC1,0,Train,1716
1717,Clc1ccc(cc1)c1c(C)c(nn1c1ccc(cc1Cl)Cl)C(=O)NN1CCCCC1,0,Train,1717
1712,Clc1ccc(cc1)c1c(C)c(nn1c1ccc(cc1Cl)Cl)C(=O)NN1CCCCC1,0,Train,1712
6207,Clc1ccc2c(c1)[nH]c(=O)n2C1CCN(CC1)CCCn1c(=O)[nH]c2c1cccc2,0,Train,6207
3851,Clc1cccc(c1)N1CCN(CC1)CCCn1nc2n(c1=O)cccc2,0,Test,3851
3852,Clc1cccc(c1)N1CCN(CC1)CCCn1nc2n(c1=O)cccc2,0,Train,3852
3850,Clc1cccc(c1)N1CCN(CC1)CCCn1nc2n(c1=O)cccc2,0,Train,3850
3849,Clc1cccc(c1)N1CCN(CC1)CCCn1nc2n(c1=O)cccc2,0,Train,3849
3854,Clc1cccc(c1)N1CCN(CC1)CCCn1nc2n(c1=O)cccc2,0,Train,3854
3853,Clc1cccc(c1)N1CCN(CC1)CCCn1nc2n(c1=O)cccc2,0,Train,3853
2842,Cn1cc[nH]c1=S,0,Test,2842
2840,Cn1cc[nH]c1=S,0,Train,2840
2843,Cn1cc[nH]c1=S,0,Train,2843
2845,Cn1cc[nH]c1=S,0,Train,2845
2841,Cn1cc[nH]c1=S,0,Train,2841
2844,Cn1cc[nH]c1=S,0,Test,2844
1335,FC(c1cc2NCNS(=O)(=O)c2cc1S(=O)(=O)N)(F)F,0,Train,1335
1334,FC(c1cc2NCNS(=O)(=O)c2cc1S(=O)(=O)N)(F)F,0,Train,1334
1336,FC(c1cc2NCNS(=O)(=O)c2cc1S(=O)(=O)N)(F)F,0,Train,1336
1337,FC(c1cc2NCNS(=O)(=O)c2cc1S(=O)(=O)N)(F)F,0,Test,1337
1338,FC(c1cc2NCNS(=O)(=O)c2cc1S(=O)(=O)N)(F)F,0,Test,1338
1333,FC(c1cc2NCNS(=O)(=O)c2cc1S(=O)(=O)N)(F)F,0,Train,1333
615,Fc1c[nH]c(=O)[nH]c1=O,0,Train,615
609,Fc1c[nH]c(=O)[nH]c1=O,0,Train,609
610,Fc1c[nH]c(=O)[nH]c1=O,0,Train,610
611,Fc1c[nH]c(=O)[nH]c1=O,0,Test,611
614,Fc1c[nH]c(=O)[nH]c1=O,0,Test,614
613,Fc1c[nH]c(=O)[nH]c1=O,0,Train,613
612,Fc1c[nH]c(=O)[nH]c1=O,0,Train,612
1821,Fc1cc2c(cc1N1CCNCC1)n(cc(c2=O)C(=O)O)C1CC1,1,Train,1821
1822,Fc1cc2c(cc1N1CCNCC1)n(cc(c2=O)C(=O)O)C1CC1,1,Train,1822
1823,Fc1cc2c(cc1N1CCNCC1)n(cc(c2=O)C(=O)O)C1CC1,1,Train,1823
1824,Fc1cc2c(cc1N1CCNCC1)n(cc(c2=O)C(=O)O)C1CC1,1,Train,1824
1825,Fc1cc2c(cc1N1CCNCC1)n(cc(c2=O)C(=O)O)C1CC1,1,Test,1825
1826,Fc1cc2c(cc1N1CCNCC1)n(cc(c2=O)C(=O)O)C1CC1,1,Train,1826
3453,Fc1ccc(cc1)C(=O)C1CCN(CC1)CCn1c(=O)[nH]c2c(c1=O)cccc2,0,Test,3453
3451,Fc1ccc(cc1)C(=O)C1CCN(CC1)CCn1c(=O)[nH]c2c(c1=O)cccc2,0,Train,3451
3452,Fc1ccc(cc1)C(=O)C1CCN(CC1)CCn1c(=O)[nH]c2c(c1=O)cccc2,0,Train,3452
3448,Fc1ccc(cc1)C(=O)C1CCN(CC1)CCn1c(=O)[nH]c2c(c1=O)cccc2,0,Train,3448
3450,Fc1ccc(cc1)C(=O)C1CCN(CC1)CCn1c(=O)[nH]c2c(c1=O)cccc2,0,Train,3450
3449,Fc1ccc(cc1)C(=O)C1CCN(CC1)CCn1c(=O)[nH]c2c(c1=O)cccc2,0,Train,3449
2114,Fc1ccc(cc1)CNC(=O)c1nc(n(c(=O)c1O)C)C(NC(=O)c1nnc(o1)C)(C)C,1,Train,2114
2113,Fc1ccc(cc1)CNC(=O)c1nc(n(c(=O)c1O)C)C(NC(=O)c1nnc(o1)C)(C)C,1,Train,2113
2116,Fc1ccc(cc1)CNC(=O)c1nc(n(c(=O)c1O)C)C(NC(=O)c1nnc(o1)C)(C)C,1,Train,2116
2112,Fc1ccc(cc1)CNC(=O)c1nc(n(c(=O)c1O)C)C(NC(=O)c1nnc(o1)C)(C)C,1,Train,2112
2111,Fc1ccc(cc1)CNC(=O)c1nc(n(c(=O)c1O)C)C(NC(=O)c1nnc(o1)C)(C)C,1,Train,2111
2115,Fc1ccc(cc1)CNC(=O)c1nc(n(c(=O)c1O)C)C(NC(=O)c1nnc(o1)C)(C)C,1,Train,2115
3108,N#Cc1cc(c2ccncc2)c([nH]c1=O)C,0,Train,3108
3112,N#Cc1cc(c2ccncc2)c([nH]c1=O)C,0,Train,3112
3111,N#Cc1cc(c2ccncc2)c([nH]c1=O)C,0,Train,3111
3109,N#Cc1cc(c2ccncc2)c([nH]c1=O)C,0,Train,3109
3107,N#Cc1cc(c2ccncc2)c([nH]c1=O)C,0,Train,3107
3110,N#Cc1cc(c2ccncc2)c([nH]c1=O)C,0,Train,3110
1450,N#Cc1ccc(cc1)C(n1cncn1)c1ccc(cc1)C#N,0,Train,1450
1455,N#Cc1ccc(cc1)C(n1cncn1)c1ccc(cc1)C#N,0,Train,1455
1454,N#Cc1ccc(cc1)C(n1cncn1)c1ccc(cc1)C#N,0,Train,1454
1453,N#Cc1ccc(cc1)C(n1cncn1)c1ccc(cc1)C#N,0,Test,1453
1452,N#Cc1ccc(cc1)C(n1cncn1)c1ccc(cc1)C#N,0,Train,1452
1451,N#Cc1ccc(cc1)C(n1cncn1)c1ccc(cc1)C#N,0,Train,1451
2988,N#Cc1ccc2c(c1)COC2(CCCN(C)C)c1ccc(cc1)F,0,Train,2988
2989,N#Cc1ccc2c(c1)COC2(CCCN(C)C)c1ccc(cc1)F,0,Train,2989
2990,N#Cc1ccc2c(c1)COC2(CCCN(C)C)c1ccc(cc1)F,0,Train,2990
2987,N#Cc1ccc2c(c1)COC2(CCCN(C)C)c1ccc(cc1)F,0,Train,2987
2991,N#Cc1ccc2c(c1)COC2(CCCN(C)C)c1ccc(cc1)F,0,Train,2991
2992,N#Cc1ccc2c(c1)COC2(CCCN(C)C)c1ccc(cc1)F,0,Test,2992
3466,N#Cc1nn(c(c1S(=O)C(F)(F)F)N)c1c(Cl)cc(cc1Cl)C(F)(F)F,1,Train,3466
3471,N#Cc1nn(c(c1S(=O)C(F)(F)F)N)c1c(Cl)cc(cc1Cl)C(F)(F)F,1,Train,3471
3470,N#Cc1nn(c(c1S(=O)C(F)(F)F)N)c1c(Cl)cc(cc1Cl)C(F)(F)F,1,Train,3470
3469,N#Cc1nn(c(c1S(=O)C(F)(F)F)N)c1c(Cl)cc(cc1Cl)C(F)(F)F,1,Test,3469
3468,N#Cc1nn(c(c1S(=O)C(F)(F)F)N)c1c(Cl)cc(cc1Cl)C(F)(F)F,1,Train,3468
3467,N#Cc1nn(c(c1S(=O)C(F)(F)F)N)c1c(Cl)cc(cc1Cl)C(F)(F)F,1,Test,3467
10059,NC(c1ccccc1)C(=O)NC1C(=O)N2C1SC(C2C(=O)O)(C)C,0,Train,10059
10058,NC(c1ccccc1)C(=O)NC1C(=O)N2C1SC(C2C(=O)O)(C)C,0,Train,10058
3825,NC12CC3CC(C2)CC(C1)C3,0,Train,3825
3824,NC12CC3CC(C2)CC(C1)C3,0,Train,3824
3820,NC12CC3CC(C2)CC(C1)C3,0,Train,3820
3821,NC12CC3CC(C2)CC(C1)C3,0,Train,3821
3822,NC12CC3CC(C2)CC(C1)C3,0,Train,3822
3823,NC12CC3CC(C2)CC(C1)C3,0,Train,3823
9533,NCC(c1ccc(c(c1)O)O)O,0,Train,9533
592,NCCOCC1=C(C(=O)OCC)C(C(=C(N1)C)C(=O)OC)c1ccccc1Cl,0,Train,592
593,NCCOCC1=C(C(=O)OCC)C(C(=C(N1)C)C(=O)OC)c1ccccc1Cl,0,Train,593
591,NCCOCC1=C(C(=O)OCC)C(C(=C(N1)C)C(=O)OC)c1ccccc1Cl,0,Train,591
595,NCCOCC1=C(C(=O)OCC)C(C(=C(N1)C)C(=O)OC)c1ccccc1Cl,0,Train,595
590,NCCOCC1=C(C(=O)OCC)C(C(=C(N1)C)C(=O)OC)c1ccccc1Cl,0,Train,590
594,NCCOCC1=C(C(=O)OCC)C(C(=C(N1)C)C(=O)OC)c1ccccc1Cl,0,Train,594
2306,NCCc1ccc(c(c1)O)O,0,Train,2306
2310,NCCc1ccc(c(c1)O)O,0,Train,2310
2309,NCCc1ccc(c(c1)O)O,0,Train,2309
2308,NCCc1ccc(c(c1)O)O,0,Train,2308
2305,NCCc1ccc(c(c1)O)O,0,Train,2305
2307,NCCc1ccc(c(c1)O)O,0,Train,2307
8032,NCc1ccc(cc1)S(=O)(=O)N,0,Train,8032
1437,NNC(=O)c1ccncc1,0,Train,1437
1438,NNC(=O)c1ccncc1,0,Train,1438
1439,NNC(=O)c1ccncc1,0,Test,1439
1441,NNC(=O)c1ccncc1,0,Train,1441
1442,NNC(=O)c1ccncc1,0,Train,1442
1443,NNC(=O)c1ccncc1,0,Train,1443
1440,NNC(=O)c1ccncc1,0,Train,1440
3385,NS(=O)(=O)Cc1noc2c1cccc2,1,Train,3385
3386,NS(=O)(=O)Cc1noc2c1cccc2,1,Train,3386
3387,NS(=O)(=O)Cc1noc2c1cccc2,1,Test,3387
3388,NS(=O)(=O)Cc1noc2c1cccc2,1,Train,3388
3390,NS(=O)(=O)Cc1noc2c1cccc2,1,Train,3390
3389,NS(=O)(=O)Cc1noc2c1cccc2,1,Train,3389
8808,Nc1ccc(c(c1)C(=O)O)O,1,Train,8808
791,Nc1nccc(n1)c1sc(nc1c1cccc(c1F)NS(=O)(=O)c1c(F)cccc1F)C(C)(C)C,1,Test,791
790,Nc1nccc(n1)c1sc(nc1c1cccc(c1F)NS(=O)(=O)c1c(F)cccc1F)C(C)(C)C,1,Train,790
784,Nc1nccc(n1)c1sc(nc1c1cccc(c1F)NS(=O)(=O)c1c(F)cccc1F)C(C)(C)C,1,Train,784
792,Nc1nccc(n1)c1sc(nc1c1cccc(c1F)NS(=O)(=O)c1c(F)cccc1F)C(C)(C)C,1,Train,792
782,Nc1nccc(n1)c1sc(nc1c1cccc(c1F)NS(=O)(=O)c1c(F)cccc1F)C(C)(C)C,1,Train,782
783,Nc1nccc(n1)c1sc(nc1c1cccc(c1F)NS(=O)(=O)c1c(F)cccc1F)C(C)(C)C,1,Train,783
785,Nc1nccc(n1)c1sc(nc1c1cccc(c1F)NS(=O)(=O)c1c(F)cccc1F)C(C)(C)C,1,Train,785
786,Nc1nccc(n1)c1sc(nc1c1cccc(c1F)NS(=O)(=O)c1c(F)cccc1F)C(C)(C)C,1,Test,786
787,Nc1nccc(n1)c1sc(nc1c1cccc(c1F)NS(=O)(=O)c1c(F)cccc1F)C(C)(C)C,1,Train,787
788,Nc1nccc(n1)c1sc(nc1c1cccc(c1F)NS(=O)(=O)c1c(F)cccc1F)C(C)(C)C,1,Train,788
789,Nc1nccc(n1)c1sc(nc1c1cccc(c1F)NS(=O)(=O)c1c(F)cccc1F)C(C)(C)C,1,Train,789
4984,Nc1nnc(c(n1)N)c1cccc(c1Cl)Cl,0,Test,4984
4985,Nc1nnc(c(n1)N)c1cccc(c1Cl)Cl,0,Train,4985
4987,Nc1nnc(c(n1)N)c1cccc(c1Cl)Cl,0,Train,4987
4986,Nc1nnc(c(n1)N)c1cccc(c1Cl)Cl,0,Test,4986
4989,Nc1nnc(c(n1)N)c1cccc(c1Cl)Cl,0,Train,4989
4988,Nc1nnc(c(n1)N)c1cccc(c1Cl)Cl,0,Train,4988
3959,O=C(C(c1ccccc1)(C1CCCC1)O)OC1CC[N+](C1)(C)C,0,Test,3959
3960,O=C(C(c1ccccc1)(C1CCCC1)O)OC1CC[N+](C1)(C)C,0,Test,3960
3958,O=C(C(c1ccccc1)(C1CCCC1)O)OC1CC[N+](C1)(C)C,0,Test,3958
3956,O=C(C(c1ccccc1)(C1CCCC1)O)OC1CC[N+](C1)(C)C,0,Train,3956
3955,O=C(C(c1ccccc1)(C1CCCC1)O)OC1CC[N+](C1)(C)C,0,Train,3955
3957,O=C(C(c1ccccc1)(C1CCCC1)O)OC1CC[N+](C1)(C)C,0,Test,3957
10096,O=C(C1c2ccccc2Oc2c1cccc2)OCC[N+](C(C)C)(C(C)C)C,0,Test,10096
10062,O=C(NC1C(=O)N2C1SCC(=C2C(=O)O)CSc1nnc(s1)C)Cn1cnnn1,1,Train,10062
1585,O=C(NS(=O)(=O)c1ccc(cc1)C)NN1CCCCCC1,0,Test,1585
1589,O=C(NS(=O)(=O)c1ccc(cc1)C)NN1CCCCCC1,0,Train,1589
1588,O=C(NS(=O)(=O)c1ccc(cc1)C)NN1CCCCCC1,0,Test,1588
1587,O=C(NS(=O)(=O)c1ccc(cc1)C)NN1CCCCCC1,0,Train,1587
1586,O=C(NS(=O)(=O)c1ccc(cc1)C)NN1CCCCCC1,0,Train,1586
1584,O=C(NS(=O)(=O)c1ccc(cc1)C)NN1CCCCCC1,0,Train,1584
6356,O=C(Nc1ccc(cc1)O)C=C(C=CC=C(C=CC1=C(C)CCCC1(C)C)C)C,0,Train,6356
3365,O=C(c1cccc2c1oc(c1ccccc1)c(c2=O)C)OCCN1CCCCC1,0,Train,3365
3366,O=C(c1cccc2c1oc(c1ccccc1)c(c2=O)C)OCCN1CCCCC1,0,Train,3366
3361,O=C(c1cccc2c1oc(c1ccccc1)c(c2=O)C)OCCN1CCCCC1,0,Train,3361
3362,O=C(c1cccc2c1oc(c1ccccc1)c(c2=O)C)OCCN1CCCCC1,0,Train,3362
3364,O=C(c1cccc2c1oc(c1ccccc1)c(c2=O)C)OCCN1CCCCC1,0,Test,3364
3363,O=C(c1cccc2c1oc(c1ccccc1)c(c2=O)C)OCCN1CCCCC1,0,Train,3363
525,O=C1C(CCc2c1c1ccccc1n2C)Cn1ccnc1C,0,Train,525
521,O=C1C(CCc2c1c1ccccc1n2C)Cn1ccnc1C,0,Train,521
524,O=C1C(CCc2c1c1ccccc1n2C)Cn1ccnc1C,0,Test,524
523,O=C1C(CCc2c1c1ccccc1n2C)Cn1ccnc1C,0,Train,523
522,O=C1C(CCc2c1c1ccccc1n2C)Cn1ccnc1C,0,Train,522
520,O=C1C(CCc2c1c1ccccc1n2C)Cn1ccnc1C,0,Train,520
4902,O=C1CC2(CCCC2)CC(=O)N1CCCCN1CCN(CC1)c1ncccn1,0,Train,4902
4903,O=C1CC2(CCCC2)CC(=O)N1CCCCN1CCN(CC1)c1ncccn1,0,Test,4903
4906,O=C1CC2(CCCC2)CC(=O)N1CCCCN1CCN(CC1)c1ncccn1,0,Train,4906
4901,O=C1CC2(CCCC2)CC(=O)N1CCCCN1CCN(CC1)c1ncccn1,0,Train,4901
4904,O=C1CC2(CCCC2)CC(=O)N1CCCCN1CCN(CC1)c1ncccn1,0,Train,4904
4905,O=C1CC2(CCCC2)CC(=O)N1CCCCN1CCN(CC1)c1ncccn1,0,Train,4905
10162,O=C1CCC2(C(=C1)CCC1C2(F)C(O)CC2(C1CCC2(C)O)C)C,0,Train,10162
10171,O=C1CCC2(C(=C1)CCC1C2CCC2(C1CCC2(C)O)C)C,0,Train,10171
10172,O=C1CCC2(C(=C1)CCC1C2CCC2(C1CCC2(C)O)C)C,0,Train,10172
9158,O=C1N(CCc2c1c1ccccc1n2C)Cc1nc[nH]c1C,0,Train,9158
1683,O=C1NC(=O)C(S1)Cc1ccc(cc1)OCC1(C)CCc2c(O1)c(C)c(c(c2C)O)C,0,Train,1683
1682,O=C1NC(=O)C(S1)Cc1ccc(cc1)OCC1(C)CCc2c(O1)c(C)c(c(c2C)O)C,0,Train,1682
1684,O=C1NC(=O)C(S1)Cc1ccc(cc1)OCC1(C)CCc2c(O1)c(C)c(c(c2C)O)C,0,Train,1684
1685,O=C1NC(=O)C(S1)Cc1ccc(cc1)OCC1(C)CCc2c(O1)c(C)c(c(c2C)O)C,0,Train,1685
1686,O=C1NC(=O)C(S1)Cc1ccc(cc1)OCC1(C)CCc2c(O1)c(C)c(c(c2C)O)C,0,Train,1686
1687,O=C1NC(=O)C(S1)Cc1ccc(cc1)OCC1(C)CCc2c(O1)c(C)c(c(c2C)O)C,0,Train,1687
2525,O=C1NC(=O)NC1(c1ccccc1)c1ccccc1,0,Test,2525
2524,O=C1NC(=O)NC1(c1ccccc1)c1ccccc1,0,Train,2524
2528,O=C1NC(=O)NC1(c1ccccc1)c1ccccc1,0,Train,2528
2527,O=C1NC(=O)NC1(c1ccccc1)c1ccccc1,0,Test,2527
2526,O=C1NC(=O)NC1(c1ccccc1)c1ccccc1,0,Train,2526
2529,O=C1NC(=O)NC1(c1ccccc1)c1ccccc1,0,Train,2529
664,O=C1NC(c2c1cccc2)(O)c1ccc(c(c1)S(=O)(=O)N)Cl,0,Test,664
665,O=C1NC(c2c1cccc2)(O)c1ccc(c(c1)S(=O)(=O)N)Cl,0,Train,665
666,O=C1NC(c2c1cccc2)(O)c1ccc(c(c1)S(=O)(=O)N)Cl,0,Train,666
668,O=C1NC(c2c1cccc2)(O)c1ccc(c(c1)S(=O)(=O)N)Cl,0,Train,668
663,O=C1NC(c2c1cccc2)(O)c1ccc(c(c1)S(=O)(=O)N)Cl,0,Train,663
667,O=C1NC(c2c1cccc2)(O)c1ccc(c(c1)S(=O)(=O)N)Cl,0,Train,667
7354,O=Cc1c(O)c(O)c(c2c1c(O)c(c(c2)C)c1c(C)cc2c(c1O)c(C=O)c(c(c2C(C)C)O)O)C(C)C,1,Train,7354
8704,O=N(=O)OCCNC(=O)c1cccnc1,0,Train,8704
4542,O=S1(=O)NC(Cc2ccccc2)Nc2c1cc(c(c2)C(F)(F)F)S(=O)(=O)N,0,Train,4542
4543,O=S1(=O)NC(Cc2ccccc2)Nc2c1cc(c(c2)C(F)(F)F)S(=O)(=O)N,0,Train,4543
4545,O=S1(=O)NC(Cc2ccccc2)Nc2c1cc(c(c2)C(F)(F)F)S(=O)(=O)N,0,Train,4545
4544,O=S1(=O)NC(Cc2ccccc2)Nc2c1cc(c(c2)C(F)(F)F)S(=O)(=O)N,0,Train,4544
4546,O=S1(=O)NC(Cc2ccccc2)Nc2c1cc(c(c2)C(F)(F)F)S(=O)(=O)N,0,Train,4546
4547,O=S1(=O)NC(Cc2ccccc2)Nc2c1cc(c(c2)C(F)(F)F)S(=O)(=O)N,0,Train,4547
9212,O=c1[nH]c(=O)n(cc1F)C1CCCO1,0,Test,9212
6072,O=c1ccc2c(o1)cccc2,1,Train,6072
6581,OC(=O)C(Cc1cc(I)c(c(c1)I)Oc1ccc(c(c1)I)O)N,0,Train,6581
438,OC(=O)C(c1ccc(cc1)C(=O)c1cccs1)C,0,Train,438
441,OC(=O)C(c1ccc(cc1)C(=O)c1cccs1)C,0,Train,441
440,OC(=O)C(c1ccc(cc1)C(=O)c1cccs1)C,0,Train,440
439,OC(=O)C(c1ccc(cc1)C(=O)c1cccs1)C,0,Train,439
436,OC(=O)C(c1ccc(cc1)C(=O)c1cccs1)C,0,Train,436
437,OC(=O)C(c1ccc(cc1)C(=O)c1cccs1)C,0,Test,437
10087,OC(=O)C1N2C(=O)C(C2SC1(C)C)NC(=O)c1c(C)onc1c1ccccc1,0,Train,10087
10169,OC(=O)CCC(C(=O)O)NC(=O)c1ccc(cc1)N(Cc1cnc2c(n1)c(N)nc(n2)N)C,1,Train,10169
704,OC(=O)Cc1ccccc1Nc1c(Cl)cccc1Cl,0,Train,704
703,OC(=O)Cc1ccccc1Nc1c(Cl)cccc1Cl,0,Train,703
702,OC(=O)Cc1ccccc1Nc1c(Cl)cccc1Cl,0,Train,702
700,OC(=O)Cc1ccccc1Nc1c(Cl)cccc1Cl,0,Train,700
699,OC(=O)Cc1ccccc1Nc1c(Cl)cccc1Cl,0,Train,699
701,OC(=O)Cc1ccccc1Nc1c(Cl)cccc1Cl,0,Train,701
10144,OC(=O)c1ccccc1,0,Train,10144
10145,OC(=O)c1ccccc1,0,Test,10145
6630,OC(=O)c1ccccc1Nc1cccc(c1C)C,1,Train,6630
2678,OC(=O)c1cccnc1,0,Train,2678
2677,OC(=O)c1cccnc1,0,Train,2677
2682,OC(=O)c1cccnc1,0,Test,2682
2679,OC(=O)c1cccnc1,0,Train,2679
2680,OC(=O)c1cccnc1,0,Train,2680
2681,OC(=O)c1cccnc1,0,Train,2681
6759,OC(COc1cccc2c1CC(O)C(C2)O)CNC(C)(C)C,0,Train,6759
6097,OC(COc1cccc2c1CCC(=O)N2)CNC(C)(C)C,0,Train,6097
4384,OC(COc1cccc2c1cc[nH]2)CNC(C)C,0,Train,4384
4379,OC(COc1cccc2c1cc[nH]2)CNC(C)C,0,Train,4379
4382,OC(COc1cccc2c1cc[nH]2)CNC(C)C,0,Train,4382
4381,OC(COc1cccc2c1cc[nH]2)CNC(C)C,0,Test,4381
4380,OC(COc1cccc2c1cc[nH]2)CNC(C)C,0,Train,4380
4383,OC(COc1cccc2c1cc[nH]2)CNC(C)C,0,Test,4383
817,OC(COc1cccc2c1cccc2)CNC(C)C,0,Test,817
820,OC(COc1cccc2c1cccc2)CNC(C)C,0,Train,820
819,OC(COc1cccc2c1cccc2)CNC(C)C,0,Train,819
821,OC(COc1cccc2c1cccc2)CNC(C)C,0,Train,821
818,OC(COc1cccc2c1cccc2)CNC(C)C,0,Train,818
822,OC(COc1cccc2c1cccc2)CNC(C)C,0,Train,822
7457,OCC(=O)C1(O)C(C)CC2C1(C)CC(O)C1(C2CCC2=CC(=O)C=CC12C)F,0,Train,7457
7458,OCC(=O)C1(O)C(C)CC2C1(C)CC(O)C1(C2CCC2=CC(=O)C=CC12C)F,0,Train,7458
7456,OCC(=O)C1(O)C(C)CC2C1(C)CC(O)C1(C2CCC2=CC(=O)C=CC12C)F,0,Train,7456
10166,OCC(=O)C1(O)CCC2C1(C)CC(O)C1C2CCC2=CC(=O)CCC12C,0,Train,10166
10167,OCC(=O)C1(O)CCC2C1(C)CC(O)C1C2CCC2=CC(=O)CCC12C,0,Train,10167
10131,OCC(C(C(C(CO)O)O)O)O,1,Test,10131
10065,OCC(C(c1ccc(cc1)N(=O)=O)O)NC(=O)C(Cl)Cl,0,Train,10065
10165,OCC(CO)O,0,Train,10165
10164,OCC(CO)O,0,Train,10164
6278,OCC(NC(=O)C1CN(C)C2C(=C1)c1cccc3c1c(C2)c[nH]3)C,0,Train,6278
1001,OCC(OCn1cnc2c1nc(N)[nH]c2=O)CO,1,Train,1001
1000,OCC(OCn1cnc2c1nc(N)[nH]c2=O)CO,1,Train,1000
1002,OCC(OCn1cnc2c1nc(N)[nH]c2=O)CO,1,Train,1002
1004,OCC(OCn1cnc2c1nc(N)[nH]c2=O)CO,1,Train,1004
1005,OCC(OCn1cnc2c1nc(N)[nH]c2=O)CO,1,Train,1005
1003,OCC(OCn1cnc2c1nc(N)[nH]c2=O)CO,1,Test,1003
7095,OCC(c1ccccc1)C(=O)OC1CC2N(C(C1)C1C2O1)C,0,Train,7095
6130,OCC1OC(C(C1O)F)n1cnc2c1nc(Cl)nc2N,1,Test,6130
10182,OCC1OC(O)C(C(C1O)O)NC(=O)N(N=O)C,1,Test,10182
3422,OCCN1CCN(CC1)c1cc(nc(n1)C)Nc1ncc(s1)C(=O)Nc1c(C)cccc1Cl,0,Train,3422
3419,OCCN1CCN(CC1)c1cc(nc(n1)C)Nc1ncc(s1)C(=O)Nc1c(C)cccc1Cl,0,Train,3419
3420,OCCN1CCN(CC1)c1cc(nc(n1)C)Nc1ncc(s1)C(=O)Nc1c(C)cccc1Cl,0,Test,3420
3418,OCCN1CCN(CC1)c1cc(nc(n1)C)Nc1ncc(s1)C(=O)Nc1c(C)cccc1Cl,0,Train,3418
3417,OCCN1CCN(CC1)c1cc(nc(n1)C)Nc1ncc(s1)C(=O)Nc1c(C)cccc1Cl,0,Train,3417
3414,OCCN1CCN(CC1)c1cc(nc(n1)C)Nc1ncc(s1)C(=O)Nc1c(C)cccc1Cl,0,Train,3414
3416,OCCN1CCN(CC1)c1cc(nc(n1)C)Nc1ncc(s1)C(=O)Nc1c(C)cccc1Cl,0,Train,3416
3424,OCCN1CCN(CC1)c1cc(nc(n1)C)Nc1ncc(s1)C(=O)Nc1c(C)cccc1Cl,0,Train,3424
3423,OCCN1CCN(CC1)c1cc(nc(n1)C)Nc1ncc(s1)C(=O)Nc1c(C)cccc1Cl,0,Test,3423
3421,OCCN1CCN(CC1)c1cc(nc(n1)C)Nc1ncc(s1)C(=O)Nc1c(C)cccc1Cl,0,Test,3421
3415,OCCN1CCN(CC1)c1cc(nc(n1)C)Nc1ncc(s1)C(=O)Nc1c(C)cccc1Cl,0,Train,3415
967,OCCNCCNc1ccc(c2c1C(=O)c1c(C2=O)c(O)ccc1O)NCCNCCO,1,Train,967
959,OCCNCCNc1ccc(c2c1C(=O)c1c(C2=O)c(O)ccc1O)NCCNCCO,1,Test,959
961,OCCNCCNc1ccc(c2c1C(=O)c1c(C2=O)c(O)ccc1O)NCCNCCO,1,Train,961
968,OCCNCCNc1ccc(c2c1C(=O)c1c(C2=O)c(O)ccc1O)NCCNCCO,1,Train,968
960,OCCNCCNc1ccc(c2c1C(=O)c1c(C2=O)c(O)ccc1O)NCCNCCO,1,Test,960
958,OCCNCCNc1ccc(c2c1C(=O)c1c(C2=O)c(O)ccc1O)NCCNCCO,1,Train,958
962,OCCNCCNc1ccc(c2c1C(=O)c1c(C2=O)c(O)ccc1O)NCCNCCO,1,Train,962
964,OCCNCCNc1ccc(c2c1C(=O)c1c(C2=O)c(O)ccc1O)NCCNCCO,1,Train,964
965,OCCNCCNc1ccc(c2c1C(=O)c1c(C2=O)c(O)ccc1O)NCCNCCO,1,Train,965
963,OCCNCCNc1ccc(c2c1C(=O)c1c(C2=O)c(O)ccc1O)NCCNCCO,1,Train,963
966,OCCNCCNc1ccc(c2c1C(=O)c1c(C2=O)c(O)ccc1O)NCCNCCO,1,Train,966
4198,OCCOc1nc(nc(c1Oc1ccccc1OC)NS(=O)(=O)c1ccc(cc1)C(C)(C)C)c1ncccn1,1,Train,4198
4194,OCCOc1nc(nc(c1Oc1ccccc1OC)NS(=O)(=O)c1ccc(cc1)C(C)(C)C)c1ncccn1,1,Train,4194
4195,OCCOc1nc(nc(c1Oc1ccccc1OC)NS(=O)(=O)c1ccc(cc1)C(C)(C)C)c1ncccn1,1,Train,4195
4197,OCCOc1nc(nc(c1Oc1ccccc1OC)NS(=O)(=O)c1ccc(cc1)C(C)(C)C)c1ncccn1,1,Train,4197
4199,OCCOc1nc(nc(c1Oc1ccccc1OC)NS(=O)(=O)c1ccc(cc1)C(C)(C)C)c1ncccn1,1,Train,4199
4196,OCCOc1nc(nc(c1Oc1ccccc1OC)NS(=O)(=O)c1ccc(cc1)C(C)(C)C)c1ncccn1,1,Train,4196
5122,Oc1cc(O)c2c(c1)oc(c(c2=O)O)c1ccc(c(c1)O)O,0,Test,5122
5123,Oc1cc(O)c2c(c1)oc(c(c2=O)O)c1ccc(c(c1)O)O,0,Train,5123
5124,Oc1cc(O)c2c(c1)oc(c(c2=O)O)c1ccc(c(c1)O)O,0,Train,5124
5126,Oc1cc(O)c2c(c1)oc(c(c2=O)O)c1ccc(c(c1)O)O,0,Train,5126
5121,Oc1cc(O)c2c(c1)oc(c(c2=O)O)c1ccc(c(c1)O)O,0,Train,5121
5125,Oc1cc(O)c2c(c1)oc(c(c2=O)O)c1ccc(c(c1)O)O,0,Train,5125
146,Oc1cc2c(=O)oc3c4c2c(c1O)oc(=O)c4cc(c3O)O,0,Train,146
141,Oc1cc2c(=O)oc3c4c2c(c1O)oc(=O)c4cc(c3O)O,0,Train,141
142,Oc1cc2c(=O)oc3c4c2c(c1O)oc(=O)c4cc(c3O)O,0,Train,142
144,Oc1cc2c(=O)oc3c4c2c(c1O)oc(=O)c4cc(c3O)O,0,Train,144
143,Oc1cc2c(=O)oc3c4c2c(c1O)oc(=O)c4cc(c3O)O,0,Test,143
145,Oc1cc2c(=O)oc3c4c2c(c1O)oc(=O)c4cc(c3O)O,0,Train,145
1361,Oc1ccc(cc1)C1CNCCc2c1cc(O)c(c2Cl)O,0,Train,1361
1362,Oc1ccc(cc1)C1CNCCc2c1cc(O)c(c2Cl)O,0,Test,1362
1357,Oc1ccc(cc1)C1CNCCc2c1cc(O)c(c2Cl)O,0,Test,1357
1360,Oc1ccc(cc1)C1CNCCc2c1cc(O)c(c2Cl)O,0,Train,1360
1358,Oc1ccc(cc1)C1CNCCc2c1cc(O)c(c2Cl)O,0,Train,1358
1359,Oc1ccc(cc1)C1CNCCc2c1cc(O)c(c2Cl)O,0,Train,1359
10159,Oc1ccc2c(c1)CCC1C2CCC2(C1CC(C2O)O)C,0,Train,10159
10121,Oc1ccc2c(c1)CCC1C2CCC2(C1CCC2O)C,0,Train,10121
10119,Oc1ccc2c(c1)CCC1C2CCC2(C1CCC2O)C,0,Train,10119
10120,Oc1ccc2c(c1)CCC1C2CCC2(C1CCC2O)C,0,Test,10120
10117,Oc1ccc2c(c1)CCC1C2CCC2(C1CCC2O)C,0,Train,10117
10116,Oc1ccc2c(c1)CCC1C2CCC2(C1CCC2O)C,0,Train,10116
10115,Oc1ccc2c(c1)CCC1C2CCC2(C1CCC2O)C,0,Train,10115
10118,Oc1ccc2c(c1)CCC1C2CCC2(C1CCC2O)C,0,Train,10118
3182,Oc1ccc2c(c1)sc(c2C(=O)c1ccc(cc1)OCCN1CCCCC1)c1ccc(cc1)O,0,Train,3182
3189,Oc1ccc2c(c1)sc(c2C(=O)c1ccc(cc1)OCCN1CCCCC1)c1ccc(cc1)O,0,Train,3189
3186,Oc1ccc2c(c1)sc(c2C(=O)c1ccc(cc1)OCCN1CCCCC1)c1ccc(cc1)O,0,Train,3186
3185,Oc1ccc2c(c1)sc(c2C(=O)c1ccc(cc1)OCCN1CCCCC1)c1ccc(cc1)O,0,Train,3185
3184,Oc1ccc2c(c1)sc(c2C(=O)c1ccc(cc1)OCCN1CCCCC1)c1ccc(cc1)O,0,Train,3184
3180,Oc1ccc2c(c1)sc(c2C(=O)c1ccc(cc1)OCCN1CCCCC1)c1ccc(cc1)O,0,Train,3180
3188,Oc1ccc2c(c1)sc(c2C(=O)c1ccc(cc1)OCCN1CCCCC1)c1ccc(cc1)O,0,Test,3188
3187,Oc1ccc2c(c1)sc(c2C(=O)c1ccc(cc1)OCCN1CCCCC1)c1ccc(cc1)O,0,Test,3187
3181,Oc1ccc2c(c1)sc(c2C(=O)c1ccc(cc1)OCCN1CCCCC1)c1ccc(cc1)O,0,Train,3181
3179,Oc1ccc2c(c1)sc(c2C(=O)c1ccc(cc1)OCCN1CCCCC1)c1ccc(cc1)O,0,Train,3179
3183,Oc1ccc2c(c1)sc(c2C(=O)c1ccc(cc1)OCCN1CCCCC1)c1ccc(cc1)O,0,Train,3183
10123,c1ccc2c(c1)occ2,1,Train,10123
10124,c1ccc2c(c1)occ2,1,Test,10124
10122,c1ccc2c(c1)occ2,1,Train,10122
4276,c1scc(n1)c1nc2c([nH]1)cccc2,1,Train,4276
4277,c1scc(n1)c1nc2c([nH]1)cccc2,1,Train,4277
4275,c1scc(n1)c1nc2c([nH]1)cccc2,1,Train,4275
4274,c1scc(n1)c1nc2c([nH]1)cccc2,1,Train,4274
4278,c1scc(n1)c1nc2c([nH]1)cccc2,1,Train,4278
4273,c1scc(n1)c1nc2c([nH]1)cccc2,1,Test,4273
